question,Column2,Column3,Column4,Column5,Column6,Column7,Column8,Column9,Column10,Column11,Column12
1. Un de ces verbes n’est pas à l’imparfait. Lequel?,A. je bondissais,B. il s’élançait,C. nous courrions,D. elles accéléraient,,,,,,1. c. Nous courrions est au conditionnel présent.,
"4. Tous ces verbes sont du 2e groupe, sauf un. Quel est l’intrus?",A. agir,B. déglutir,C. haïr,D. languir,E. pervertir,F. pressentir,G. sertir,H. vrombir,,4. f. Pressentir. (Verbe du 3e groupe: nous pressentons.),
9. Comment s’appelle le temps formé avec l’auxiliaire à l’imparfait de l’indicatif et le participe passé?,A. le plus-que-parfait,B. le plus-qu’imparfait,C. le passé de l’imparfait,,,,,,,9. a. le plus-que-parfait,
13. Quelle est la forme correcte du verbe bouillir à l’imparfait du subjonctif?,A. qu’il bouillît,B. qu’il bouillisse,C. qu’il bouillusse,,,,,,,"13. a. À l’imparfait du subjonctif, il y a toujours un accent circonflexe à la 3e personne du singulier.",
15. Quelle est la forme correcte du verbe se mouvoir au présent de l’indicatif?,A. je me meuve,B. je me meus,C. je me meux,,,,,,,15. b. je me meus,
18. Quelle est la phrase correctement écrite?,A. Ne faisez plus l’erreur.,B. Ne faîtes plus l’erreur.,C. Ne faites plus l’erreur.,,,,,,,18. c. Faire est un verbe irrégulier: sa 2e personne du pluriel au présent n’est pas en -ez comme les autres verbes.,
19. Quelle est la forme correcte du verbe résoudre?,A. nous résolverons,B. nous résoudrons,,,,,,,,"19. b. Résolv- est le radical utilisé pour former l’imparfait de l’indicatif et le présent du subjonctif, pas le futur.",
21. Avec quel mot rime le verbe voie dans la phrase: «Il faut qu’on se voie»?,A. avec ouailles,B. avec oie,,,,,,,,21. b.  avec oie,
22. Un verbe défectif est un verbe:,A. qui a plus de deux radicaux,B. qui ne se conjugue pas à tous les temps,C. qui exprime une idée négative,,,,,,,"22. b. Le verbe gésir, par exemple, ne se conjugue qu’au présent, à l’imparfait et au participe présent.",
26. La forme finit correspond à deux temps. Lesquels?,A. présent,B. participe passé,C. passé simple,,,,,,,"26. a. et c. Aux trois personnes du singulier, les verbes du 2e groupe se conjuguent de la même façon au présent et au passé simple.",
27. Qu’appelle-t-on un temps surcomposé?,A. un temps composé dans lequel l’auxiliaire est lui-même à un temps composé,B. un temps formé du participe passé précédé d’un auxiliaire au passif,C. les temps surcomposés n’existent pas,,,,,,,"27. a. J’ai eu fini, par exemple.",
"31. Parmi ces verbes, lequel est défectif?",A. naître,B. paître,C. paraître,,,,,,,31. b. Paître n’a ni passé simple ni participe passé (et donc aucun temps composé).,
36. Que diriez-vous en parlant de l’élu(e) de votre cœur?,A. Nous nous plaisîmes immédiatement.,B. Nous nous plaisâmes immédiatement.,C. Nous nous plûmes immédiatement.,,,,,,,36. c. Le verbe plaire a un passé simple en u. Le passé simple en a est exclusivement réservé aux verbes en -er (1er groupe).,
"37. Parmi ces affirmations, laquelle est vraie?","A. Aux temps composés, être et avoir se conjuguent avec l’auxiliaire avoir.","B. Aux temps composés, être et avoir se conjuguent avec l’auxiliaire être.","C. Aux temps composés, être se conjugue avec l’auxiliaire être et avoir avec l’auxiliaire avoir.","D. Aux temps composés, être se conjugue avec l’auxiliaire avoir et avoir avec l’auxiliaire être.",,,,,,"37. a. Par exemple, j’ai eu envie de rire et j’avais été malade. 38. a. 2e groupe (nous gravissons) b. 3e groupe (nous partons) c. 2e groupe (nous assortissons) d. 2e groupe (nous déguerpissons)",
41. Laquelle de ces phrases est correctement écrite?,A. Cela vous mettra en valeur.,B. Cela vous mettera en valeur.,,,,,,,,41. a. Il s’agit du verbe mettre et non du verbe *metter. ,
44. Comment nomme-t-on le temps composé qui correspond au futur simple?,A. le futur composé,B. le futur antérieur,C. le futur postérieur,,,,,,,44. b. Le futur antérieur est formé de l’auxiliaire au futur et du participe passé (il aura mangé).,
"45. Quel est l’infinitif de cherra («Tire la chevillette, la bobinette cherra»)?",A. cherrer,B. choyer,C. choir,,,,,,,45. c. Choir est maintenant surtout utilisé dans la langue littéraire et largement remplacé par tomber dans la langue courante.,
49. Laquelle de ces phrases est correcte?,"A. En voyant le loup, ils s’enfuirent à toutes jambes.","B. En voyant le loup, ils s’enfuyèrent à toutes jambes.",,,,,,,,49. a. S’enfuir est un verbe du 3e groupe. La terminaison -èrent du passé simple est réservée exclusivement aux verbes en -er (1er groupe).,
50. Laquelle de ces affirmations est vraie?,A. Les verbes dont l’infinitif se termine par -cer s’écrivent parfois avec une cédille parce que c’est plus joli.,B. Les verbes dont l’infinitif se termine par -cer s’écrivent parfois avec une cédille pour montrer que le c se prononce [s].,C. Le c des verbes dont l’infinitif se termine par -cer ne prend jamais de cédille puisqu’il n’y en a pas à l’infinitif.,,,,,,,"50. b. Devant les terminaisons qui commencent par a ou o, il faut écrire ç:",
"52. Pour lesquels de ces verbes la 3e personne du singulier, au présent de l’indicatif, se termine-t-elle par un d?",A. coudre,B. peindre,C. prendre,D. dissoudre,E. mordre,F. tordre,G. craindre,,,"52. a. coudre, c. prendre, e. mordre, f. tordre (Les verbes dont l’infinitif se termine par -soudre ou -indre, comme peindre, dissoudre et craindre, perdent leur d au présent: il peint, il dissout, il craint.)",
53. Un intrus s’est glissé parmi ces verbes. Quel est-il?,A. s’obstiner,B. se réfugier,C. se plaindre,D. se raviser,E. s’exclamer,,,,,"53. c. Se plaindre. (Le verbe plaindre peut être employé sans le pronom se, car il est occasionnellement pronominal, ce qui n’est pas le cas des autres verbes qui sont, eux, essentiellement pronominaux.)",
58. Entourez la lettre des phrases qui ne sont pas à la forme passive.,A. La banque est placée sous vidéosurveillance.,B. Le malfaiteur est entré par la cave.,"C. Heureusement, il est arrêté dans son élan.",D. Il est donc reparti sans un sou.,,,,,,58. b.  Le malfaiteur est entré par la cave. et d. Le verbe de ces phrases est au passé composé.,
60. Quel est l’intrus?,A. il mira,B. il tira,C. il dira,D. il vira,E. il cira,,,,,60. c. Il dira. (C’est le futur du verbe dire; tous les autres verbes sont au passé simple.),
61. Comment sont formés les temps composés?,A. un auxiliaire suivi d’un participe passé,B. un auxiliaire suivi d’un participe présent,,,,,,,,"61. a. Dans les temps composés (passé composé, plus-que-parfait…), l’auxiliaire être ou avoir est suivi du participe passé: j’ai mangé.",
"62. Parmi ces verbes, quel est l’intrus?",A. interdire,B. contredire,C. redire,D. prédire,E. médire,,,,,"62. c. Redire. (Contrairement aux autres verbes, il a une 2e personne du pluriel du présent de l’indicatif et de l’impératif en -tes [vous redites] et non en -ez [vous interdisez].)",
72. Je sus est une forme:,A. du verbe suer,B. du verbe savoir,C. des verbes suer et savoir,,,,,,,"72. b. C’est le passé simple de savoir, à ne pas confondre avec je sue (présent de l’indicatif ou du subjonctif de suer).",
74. Quel est l’intrus?,A. je ferai,B. je parai,C. je verrai,D. je tairai,,,,,,74. b. Je parai. (C’est le passé simple de parer; tous les autres verbes sont au futur.),
76. Quelle est la forme correcte de vaincre à la 3e personne du singulier du présent de l’indicatif?,A. il vaint,B. il vainc,C. il vainct,,,,,,,"76. b. Vaincre garde le c du radical dans sa conjugaison (et s’écrit avec qu lorsqu’il est suivi d’une voyelle, sauf le u).",
81. Qu’appelle-t-on un verbe essentiellement pronominal?,A. un verbe qui peut être employé comme un nom,B. un verbe qui se conjugue toujours avec un pronom complément,C. un verbe qui se conjugue sans pronom sujet,,,,,,,"81. b. S’enfuir, s’écrouler, se méfier… sont des verbes essentiellement pronominaux.",
"82. Ces noms sont formés à partir de participe passé d’anciens verbes, sauf un.",A. issue,B. tissu,C. chute,D. fétu,,,,,,"82. d. Fétu vient du latin festucum. Issue vient de issir qui signifiait «sortir», tissu de tistre, ancienne forme de tisser, et chute de choir («tomber»).",
87. Que peut-on dire?,A. assois-toi,B. assis-toi,C. assieds-toi,,,,,,,"87. a. assois-toi
 et c.  assieds-toi
"," Le verbe asseoir a deux conjugaisons: l’une en oi/oy, l’autre en"
93. À quel temps est conjugué aimer dans aimé-je?,A. au présent,B. au passé simple,D. cette forme n’existe pas,,,,,,,"93. a. Lorsqu’on inverse le pronom sujet je au présent, on accentue le e.",ie/ey.
94. Laquelle de ces phrases est correctement écrite?,"A. J’aurais aimé qu’il passât nous voir, ne fusse qu’un court instant.","B. J’aurais aimé qu’il passât nous voir, ne fût-ce qu’un court instant.",,,,,,,,"94. b. Ne fût-ce est l’équivalent de ne serait-ce. À l’imparfait du subjonctif, fût est la 3e personne du singulier, et fusse est la 1re",
99. Quel est le participe passé du verbe dissoudre?,A. dissolu,B. dissous,,,,,,,,99. b. Dissolu est un adjectif qui signifie «qui s’adonne à la débauche».,
100. Je moulerai est le futur:,A. du verbe mouler,B. du verbe moudre,C. des verbes mouler et moudre,,,,,,,100. a. Le futur de moudre est je moudrai.,
3. Que diriez-vous?,A. Je n’ai rien dit pour ne pas qu’il soit déçu.,B. Je n’ai rien dit pour qu’il ne soit pas déçu.,,,,,,,,3. b. La négation ne… pas encadre le verbe conjugué. (À ne pas confondre avec pour ne pas devant un infinitif: je n’ai rien dit pour ne pas le décevoir.),
7. Quelle est la phrase correcte? (Il y a peut-être plusieurs réponses.),A. Il confrontera ta version et la mienne.,B. Il confrontera ta version à la mienne.,C. Il confrontera ta version avec la mienne.,,,,,,,7. Les trois phrases sont correctes.,
8. Quelle est la phrase correctement écrite?,A. Ces murs ont l’air sain.,B. Ces murs ont l’air sains.,,,,,,,,8. b. Avoir l’air signifie ici «paraître» et non «afficher un air»: sain se rapporte donc à murs et non à air.,
15. Quelle est la phrase correcte? (Il y a peut-être plusieurs réponses.),"A. Je voudrais des fraises, achètes-en-moi.","B. Je voudrais des fraises, achète-moi-s-en.","C. Je voudrais des fraises, achète-m’en.",,,,,,,15. c. Attention à l’ordre des pronoms: le pronom complément en est toujours placé après les autres pronoms personnels.,
21. Les deux phrases suivantes sont correctes et ont le même sens: vrai ou faux?,A. C’est une erreur qu’on commet souvent.,B. C’est une erreur que l’on commet souvent.,,,,,,,,"21. Vrai. L’emploi de l’ devant on, plus soutenu, n’est jamais obligatoire.",
27. Quelle est la phrase correcte? (Il y a peut-être plusieurs réponses.),A. Je vais vous expliquer qu’est-ce qu’il s’est passé.,B. Je vais vous expliquer ce qu’il s’est passé.,C. Je vais vous expliquer ce qui s’est passé.,,,,,,,"27. b. et c. Avec le verbe se passer utilisé de façon impersonnelle, on peut utiliser indifféremment ce qu’il et ce qui.",
33. Quelle est la phrase correcte?,A. La revue comporte quatre-vingt pages.,B. La revue comporte quatre-vingts pages.,,,,,,,,33. b. Le cardinal quatre-vingts s’écrit avec un s quand il n’est suivi d’aucun autre nombre.,
34. Quelle est la phrase correcte?,A. Le chapitre trois se trouve à la page quatre-vingt.,B. Le chapitre trois se trouve à la page quatre-vingts.,,,,,,,,34. a. Quatre-vingt s’écrit sans s quand il a la valeur d’un ordinal (page quatre-vingt = la quatre-vingtième page).,
36. Les deux phrases suivantes ont le même sens: vrai ou faux?,A. Je craignais que ce soit grave.,B. Je craignais que ce ne soit grave.,,,,,,,,36. Vrai. Le ne de la subordonnée est appelé explétif; il n’a pas le sens négatif habituel et sa présence est facultative.,
37. Quelle est la construction correcte? (Il y a peut-être plusieurs réponses.),A. crier après quelqu’un,B. crier contre quelqu’un,C. crier sur quelqu’un,,,,,,,"37. b. Quand le verbe contient une idée d’opposition, on le construit",
39. Les deux phrases suivantes sont correctes: vrai ou faux?,A. C’est un endroit que les touristes apprécient beaucoup.,B. C’est un endroit qu’apprécient beaucoup les touristes.,,,,,,,,"39. Vrai. Dans les relatives, le sujet peut précéder ou suivre le verbe.",
42. Laquelle des deux phrases suivantes est correcte?,"A. Jusqu’à là, tout allait bien.","B. Jusque-là, tout allait bien.",,,,,,,,41. Y a-t-il une solution au problème? (Le t qui sert à marquer la liaison est toujours entre deux traits d’union; en revanche pas de trait d’union entre un pronom et le verbe qui le suit: y a.) 42. b.,
47. Quelle est la phrase correcte? (Il y a peut-être plusieurs réponses.),A. Je ne sais pas qu’est-ce qu’il faut faire.,B. Je ne sais pas ce qu’il faut faire.,C. Je ne sais pas ce qui faut faire.,,,,,,,"47. b. La tournure qu’est-ce que ne s’emploie que lorsqu’on pose une question, et un verbe dit impersonnel (un verbe qui ne s’utilise qu’à la 3e personne du singulier, comme falloir) exige la tournure ce qu’il.",
57. Quelle est la phrase correcte? (Il y a peut-être plusieurs réponses.),A. Peut-on avoir confiance aux médias?,B. Peut-on avoir confiance dans les médias?,C. Peut-on avoir confiance en les médias?,,,,,,,"57. b. Avoir confiance se construit avec dans ou en (jamais avec à, mais en ne s’emploie jamais devant les).",
61. Quelle est la phrase correcte?,"A. Si tu le vois, parle-lui-en.","B. Si tu le vois, parle-lui-z-en.","C. Si tu le vois, parles-en-lui.",,,,,,,61. a. Le pronom en est toujours placé après les autres pronoms compléments.,
72. Quelle est la phrase correcte?,A. Je te raccompagnerai jusqu’à chez toi.,B. Je te raccompagnerai jusque chez toi.,,,,,,,,"72. b. Jusque s’emploie le plus souvent avec la préposition à (jusqu’à), mais il peut être employé avec d’autres prépositions (ici, chez), auquel cas à ne peut être employé.",
74. Les deux phrases suivantes sont correctes: vrai ou faux?,A. Cette randonnée n’était pas aussi difficile que je le pensais.,B. Cette randonnée n’était pas aussi difficile que je pensais.,,,,,,,,74. Vrai. On peut reprendre ou non Cette randonnée n’était pas aussi difficile par le pronom le.,
75. Laquelle de ces deux phrases est écrite correctement?,A. Elle arrivera dans une demi-heure.,B. Elle arrivera dans une demie-heure.,,,,,,,,75. a. Demi ne s’accorde jamais lorsqu’il sert à former un nom composé.,
78. Les deux phrases suivantes sont correctes: vrai ou faux?,A. C’est de cela qu’il s’agit.,B. C’est ce dont il s’agit.,,,,,,,,78. Vrai. Les deux constructions sont justes (mais pas *c’est de cela dont il s’agit).,
80. Quelle est la phrase correcte? (Il y a peut-être plusieurs réponses.),A. Lesquelles histoires te plaisent le plus?,B. Lesquelles des histoires te plaisent le plus?,C. Quelles histoires te plaisent le plus?,,,,,,,80. b. et c. Lequel est un pronom: on ne doit pas l’employer comme un déterminant.,
83. Quelle est la phrase correcte? (Il y a peut-être plusieurs réponses.),A. J’en ris aux larmes tellement c’est drôle.,B. J’en ris aux larmes tellement que c’est drôle.,C. C’est tellement drôle que j’en ris aux larmes.,,,,,,,83. a. et c. La phrase b est un télescopage erroné des deux constructions possibles.,
96. Quelle est la phrase correctement écrite?,"A. Quel que soit la nature et la fonction d’un mot, il faut l’écrire sans erreur.","B. Quelques soient la nature et la fonction d’un mot, il faut l’écrire sans erreur.","C. Quelles que soient la nature et la fonction d’un mot, il faut l’écrire sans erreur.",,,,,,,96. c. Le verbe soient et le pronom attribut quelles s’accordent avec le sujet la nature et la fonction.,
"99. Parmi ces mots, lesquels sont mal orthographiés?",A. cathéchèse,B. cathédrale,C. érythème,D. éthymologie,,,,,,"99. a et d. On écrit catéchèse et étymologie, sans h après le t. 100. a. 1",
"103. Quels sont les mots d’un nom composé (ouvre-boîte, va-et-vient, arc-en- ciel, etc.) qui peuvent parfois se mettre au pluriel lorsque le nom composé est au pluriel?",A. les adjectifs,B. les noms,C. les prépositions,D. les verbes,,,,,,"103. a. et b. Seuls les noms et les adjectifs peuvent prendre les marques du pluriel (les prépositions sont des mots toujours invariables, et les verbes ne se mettent pas au pluriel dans les noms composés): des ouvre-boîtes, des va-et-vient, des arcs-en-ciel (attention, quand il y a une préposition, seul le premier nom s’accorde au pluriel).",
116. Quel est le titre correctement écrit?,A. Y-a-t’il un pilote dans l’avion?,B. Y-a-t-il un pilote dans l’avion?,C. Y a-t-il un pilote dans l’avion?,D. Y a-t’il un pilote dans l’avion?,,,,,,116. c. On ne met jamais de trait d’union entre le verbe et le pronom qui le,
120. Quel est le bon pluriel?,A. les terminals intermodaux,B. les terminaux intermodaux,,,,,,,,"120. b. Même si dans ce sens, terminal vient de l’anglais, il n’échappe pas à la règle et forme son pluriel en remplaçant -al par -aux.",
123. Complétez ces noms masculins et chassez l’intrus.,A. un caduc __________,B. un jubil __________,C. un macchab __________,D. un mus __________,E. un troph __________,,,,,B. 1 c. 3,
125. Laquelle de ces indications horaires est correctement écrite?,A. trois heures et demi,B. trois heures et demie,C. trois heures et demies,,,,,,,"125. b. Lorsque et demi suit un nom, demi s’accorde uniquement en genre",
128. Le pluriel révélera l’intrus parmi ces noms. Trouvez-le.,A. cérémonial,B. choral,C. orignal,D. récital,,,,,,"128. c. Contrairement aux trois autres noms qui ont un pluriel en s, orignal a un pluriel en -aux: des orignaux.",
"130. Parmi ces noms, quel est l’intrus?",A. des bijoux,B. des choux,C. des courroux,D. des genoux,,,,,,"130. c. Courroux s’écrit avec un x même au singulier, contrairement à bijou, chou et genou.",
132. Complétez les expressions suivantes avec partie ou parti.,A. tirer __________ de quelque chose,B. faire __________ de quelque chose,,,,,,,,"131. Un rhododendron, (Ce mot s’écrit avec un seul h: il est formé des éléments rhod(o)- qui signifie «rose» et -dendron qui signifie «arbre».) 132. a. tirer parti de quelque chose (penser à tirer grand parti, qui met en évidence le masculin) b. faire partie de quelque chose (penser à faire partie intégrante, qui met en évidence le féminin)",
"135. Parmi ces déterminants (adjectifs numéraux), quel est l’intrus?",A. cent,B. mille,C. vingt,,,,,,,"135. b. Le déterminant mille est toujours invariable (il ne s’écrit donc jamais avec un s), alors que les déterminants cent et vingt doivent dans certains cas prendre le s du pluriel.",
"137. Parmi ces noms, quels sont ceux dont on est sûr qu’ils sont au pluriel?",A. champs,B. puits,C. remords,D. sports,,,,,,"137. a. et d. On écrit au singulier un champ, un sport, sans s. 138. bonbon, bonbonne, bonbonnière, néanmoins, embonpoint, perlimpinpin",
139. Quelle est la phrase correctement écrite?,A. Un tas d’idées lui traverse la tête.,B. Un tas d’idées lui traversent la tête.,,,,,,,,139. b. Ce sont bien les idées qui lui traversent la tête (et non un tas). Un tas n’est pas le sujet de traverser: la locution un tas de a la même valeur qu’un déterminant (on pourrait dire des idées lui traversent la tête).,
144. Laquelle de ces phrases est correctement écrite?,A. Deux demi-heures font une heure.,B. Deux demie-heures font une heure.,C. Deux demies-heures font une heure.,,,,,,,"144. a. Lorsqu’il est placé devant un nom, demi- est un élément adverbial (comme semi-, multi-…): il est donc invariable.",
146. On écrit pâtée avec un e muet final parce que:,B. c’est une exception à la règle des noms féminins en -té,C. il est formé avec le suffixe -ée,,,,,,,,"146. c. On distingue les noms féminins formés (généralement sur un adjectif) avec le suffixe -té (bonté, beauté, générosité…) des noms féminins formés avec le suffixe -ée qui suit le t du radical (dictée, montée, jetée, pâtée…).",
149. Le féminin révélera l’intrus. Trouvez-le.,A. douillet,B. guilleret,C. maigrelet,D. replet,,,,,,"149. d. Dans cette liste, replet est le seul adjectif dont le féminin est en -ète et non en -ette.",
"151. Parmi ces noms, lequel est féminin?",A. argent,B. effluve,C. apostrophe,D. horaire,,,,,,"150. Il faut barrer paire. Le pair de quelqu’un, c’est une personne qui a les mêmes qualités que lui. 151. c.",
153. Quelle est la phrase correctement écrite?,A. Le maire reçoit sur rendez-vous tous les samedi.,B. Le maire reçoit sur rendez-vous tous les samedis.,,,,,,,,"153. b. Les noms qui désignent les jours de la semaine prennent la marque du pluriel, tout comme les autres noms.",
"154. Parmi ces noms, quel est celui dont on ne peut savoir s’il est au singulier ou au pluriel?",A. aveux,B. essieux,C. macareux,D. lieux,,,,,,"154. c. Qu’il soit au singulier ou au pluriel, macareux se termine toujours par un x.",
159. Quelle est la phrase correctement écrite?,A. Aucun des membres de l’équipe n’accepte cette proposition.,B. Aucun des membres de l’équipe n’acceptent cette proposition.,,,,,,,,"159. a. Le verbe s’accorde avec le pronom aucun, qui est son sujet, et non avec membres, qui est complément du pronom.",
"162. Parmi ces noms, lequel est masculin?",A. astérisque,B. volte-face,C. câpre,D. nacre,,,,,,"161. Que sont censées savoir les personnes sensées? (Deux homophones à ne pas confondre: censé est synonyme de supposé, et sensé signifie",
165. Le féminin révélera l’intrus. Trouvez-le.,A. artisan,B. médian,C. paysan,D. roman,,,,,,"165. c. Tous les noms et adjectifs qui se terminent par -an ont un féminin en -ane, sauf paysan qui double le n: paysanne. 166. a. humer b. onéreux c. hormis d. allô e. habitude",
167. Quelle est la phrase correctement écrite?,A. Il a vécu un véritable martyr.,B. Il a vécu un véritable martyre.,,,,,,,,167. b. Martyre s’écrit avec un e final quand il désigne les souffrances.,
174. Consonne muette finale ou pas? À vous de compléter si besoin est.,A. parmi __________,B. un cauchemar __________,C. malgré __________,D. un poid __________,,,,,,173. Faux. Le verbe synonyme de résonner s’écrit tinter. 174. a. parmi b. un cauchemar c. malgré d. un poids,
176. Quelle est la phrase correctement écrite?,A. Prend-elle le train ou l’avion?,B. Prend-t-elle le train ou l’avion?,,,,,,,,"176. a. Un d en finale permet de faire la liaison en [t]. Inutile, donc, de mettre un t entre le verbe et le pronom.",
"178. Parmi ces mots, lesquels portent un accent alors que les règles de l’orthographe ne le permettent pas?",A. chapître,B. cloître,D. goître,,,,,,,178. a. et d. Chapitre et goitre ne portent jamais d’accent circonflexe.,
"184. Complétez chacune des expressions suivantes avec chair, chaire ou chère.",A. faire bonne __________,B. la __________ d’une église,C. de la __________ à saucisse,,,,,,,183. On écrit -ueil- au lieu de -euil- (en inversant le e et le u) lorsque ce groupe de lettres suit un c ou un g qui doivent se prononcer respectivement [k] (comme dans que) et [g] (comme dans gui):,
191. Quelle est la phrase correctement écrite?,A. Je ne sais pas qu’elle est sa décision.,B. Je ne sais pas quelle est sa décision.,,,,,,,,"191. b. Le sujet de est est sa décision. Au masculin, on aurait je ne sais pas quel est son verdict. 192. a. 2",
202. Que diriez-vous?,A. Les soldes estivales sont-elles plus avantageuses que les soldes hivernales?,B. Les soldes estivaux sont-ils plus avantageux que les soldes hivernaux?,,,,,,,,"202. b. Solde est masculin dans ce sens. Dans le même sens, on l’utilise au",
207. Que diriez-vous?,A. Le coriandre a un goût prononcé.,B. La coriandre a un goût prononcé.,,,,,,,,207. b. Coriandre est féminin.,
208. Que diriez-vous?,A. Elle s’est permis de me faire une remarque que je n’ai pas appréciée.,B. Elle s’est permise de me faire une remarque que je n’ai pas appréciée.,,,,,,,,208. a. Il n’y a pas d’accord avec le sujet dans ce cas.,
1. Complétez chaque phrase avec le verbe qui convient.,A. L’artiste esqui __________ le portrait de la vedette.,B. Il esqui __________ toute difficulté qu’il rencontre.,,,,,,,,1. a. L’artiste esquisse le portrait de la vedette. ,
"3. Le vers «Chez le boucher, il a acheté des os» rime avec:",A. des eaux,B. désosse,,,,,,,,3. a. Le s de os ne se prononce pas au pluriel.,
"4. Dans la phrase «Il faut que j’(étiqueter) mes pots de confiture», le verbe rime avec:",A. dicte,B. boulette,,,,,,,,4. b. Étiqueter se conjugue sur le même modèle que feuilleter: j’étiquette ou j’étiquète.,
9. Comment prononce-t-on ces mots?,A. argutie,B. orthodontie,,,,,,,,9. Le terme argutie se prononce toujours avec le son s. Dans le cas de,
"12. Dans l’expression au grand dam de, certains prononcent dam comme",A. familière,B. courante,C. soutenue,,,,,,,12. c. Cette prononciation était la seule en vigueur autrefois.,
13. Que peut-on dire? (Il y a peut-être plusieurs réponses.),A. Elle n’est pas prête de recommencer.,B. Elle n’est pas près de recommencer.,C. Elle n’est pas prête à recommencer.,D. Elle n’est pas près à recommencer.,,,,,,"13. b. et c. On emploie près de ou prêt à, mais pas *près à ni *prêt de.",
16. Que peut-on dire?,A. Il faudrait mieux prendre un parapluie.,B. Il vaudrait mieux prendre un parapluie.,,,,,,,,16. b. Falloir mieux n’a pas de sens.,
18. Quelle est la phrase correcte?,A. Mérite-t-il la punition qu’on lui afflige?,B. Mérite-t-il la punition qu’on lui inflige?,,,,,,,,"18. b. Infliger quelque chose à quelqu’un, c’est lui faire subir quelque",
"23. La première syllabe de ces mots, sauf un, peut se prononcer comme",A. quadrature,B. quasi,C. quadruple,D. quadriphonie,,,,,,23. b. Quasi. (La première syllabe de ce mot se prononce toujours [ka].),
26. Pourquoi déconseille-t-on de dire «car en effet»?,"A. Parce que car et en effet ont le même sens, et c’est donc un pléonasme.",B. Parce qu’on ne peut faire suivre une conjonction (car) par un adverbe (en effet).,,,,,,,,26. a.,
29. Quelle est la phrase correcte?,A. L’équipe a été rassénérée par sa victoire.,B. L’équipe a été rassérénée par sa victoire.,,,,,,,,29. b. Rasséréner est de la même famille que serein.,
"40. Dans pugnace, on prononce gn comme dans:",A. agneau,B. diagnostic,,,,,,,,"40. b. Au Québec, cependant, il est d’usage de prononcer ensemble le g et le n de ce mot.",
42. Quelle est la phrase correcte?,A. C’est ici qu’est né De Champlain.,B. C’est ici qu’est né Champlain.,,,,,,,,"42. b. Dans les noms de famille, de n’est maintenu que lorsqu’il est précédé du prénom ou d’un titre tel que duc, marquis, monsieur, ou encore lorsque le nom n’est composé que d’une syllabe ou qu’il commence par une voyelle ou un h muet.",
"51. Dans les noms qui se terminent pas -isme comme dans régionalisme, le s se prononce comme:",A. un s,B. un z,,,,,,,,"51. a. Avec une diction soignée, on fait entendre [s].",
52. Que doit-on dire?,A. Cet entêté s’est carapaçonné dans ses certitudes.,B. Cet entêté s’est caparaçonné dans ses certitudes.,,,,,,,,52. b. L’adjectif vient de caparaçon (nom qui désigne une armure ou un harnais d’ornement pour les chevaux) et non pas de carapace.,
55. Que doit-on dire?,"A. Eu égard aux circonstances, je ne peux accepter l’offre.","B. En égard aux circonstances, je ne peux accepter l’offre.",,,,,,,,55. a. Eu égard à a le même sens que en considération de.,
56. Le nom carrousel rime avec:,A. sel,B. zèle,,,,,,,,"56. b. Ce nom s’écrit avec un seul s qui se prononce [z] parce qu’il est placé entre deux voyelles (comme désert). Toutefois, l’usage est
flottant, et certains dictionnaires proposent la prononciation en ss.",
57. Sous quel terme désigne-t-on les installations terrestres servant à la circulation aérienne?,A. aéroport,B. aréoport,,,,,,,,57. a.,
"64. Parmi les affirmations suivantes, quelle est la bonne?",A. On doit dire «un acte répréhensible».,B. On doit dire «un acte répréhensif».,C. On peut dire «un acte répréhensible» ou «un acte répréhensif».,,,,,,,"64. c. Un acte répréhensible mérite d’être réprimandé, alors qu’un acte répréhensif est un acte qui réprimande.",
"65. Dans Bruxelles, x se prononce comme le x de:",A. soixante,B. boxe,,,,,,,,"65. a. En Belgique, et dans la langue soignée en France et au Québec, on prononce le x comme un s.",
69. Quelle est l’affirmation juste?,"A. Dans almanach, ch se prononce comme le ch de match.","B. Dans almanach, ch se prononce [k].","C. Dans almanach, ch ne se prononce pas.",,,,,,,69. c. Mais on prononce [k] en liaison (un almanach ancien).,
72. Quelle est la phrase correcte?,A. C’est méritant de sa part.,B. C’est méritoire de sa part.,,,,,,,,"72. b. Méritant s’emploie à propos d’une personne, alors que méritoire s’emploie à propos d’une action.",
74. Quelle figure de style se cache derrière cette maxime de Molière: Il faut manger pour vivre et non vivre pour manger?,A. une anacoluthe,B. un chiasme,C. un euphémisme,,,,,,,74. b. Le chiasme est une figure de style qui consiste à opposer deux,
"81. Parmi ces adjectifs, lequel ne contient pas le préfixe négatif dé-?",A. débonnaire,B. décalé,C. délivré,,,,,,,"81. a. L’adjectif débonnaire vient de l’ancienne expression de bon aire, où aire signifiait «souche, origine, race».",
"1. La flavescence, c’est:",A. une odeur,B. une texture,C. une couleur,,,,,,,"1. c. Ce qui est flavescent est blond, doré. Ne pas confondre avec flaveur, qui est la perception simultanée de l’odeur et du goût d’un aliment. 2. a. une fièvre de cheval b. une faim de loup c. une langue de vipère d. des larmes de crocodile 3. bourdalou (ruban à chapeau) – galure – béret – licorne (mais le bicorne est un chapeau) – bolivar – panama – brodequin (chaussure) – myrte (mais la mitre est une coiffure) – kippa – chapka – cabriolet – tiare – paluche (main)",
5. Votre voisine vous annonce qu’elle tire le diable par la queue. Quelle est votre réaction?,"A. Vous vous réjouissez, car enfin elle va s’installer loin de chez vous.","B. Vous vous inquiétez, car elle va encore vous demander de l’argent.",C. Vous vous offusquez de ses écarts de conduite.,,,,,,,5. b. Tirer le diable par la queue signifie «avoir peu de moyens pour subvenir à ses besoins».,
9. Donnez le nombre auquel correspond chacun des éléments grecs suivants.,A. hexa-: __________,B. hepta-: __________,C. dodéca-: __________,,,,,,,8. Une épitaphe. 9. a. 6,
11. Donnez l’élément grec correspondant à chacun de ces nombres.,A. huit: __________,B. quatre: __________,C. dix: __________,,,,,,,11. a. octo- b. tétra- c. déca-,
13. Que signifie l’élément chrys- tiré du grec?,A. or,B. dieu,C. pierre,,,,,,,"13. a. Le chrysanthème, c’est la fleur (anthème) d’or (chrys).",
"14. Si vous voulez utiliser une expression hypocoristique à propos de votre fils, vous direz:",A. le fruit de ma chair,B. mon rejeton,C. mon petit lapin,,,,,,,14. c. Un terme hypocoristique est un terme qui sert à exprimer de l’affection.,
17. Que battait-on lorsqu’on battait la chamade?,A. un tambour,B. une mayonnaise,C. un tapis pour le dépoussiérer,,,,,,,D. 3 17.,
18. Le médecin spécialiste des pieds est:,A. un podiatre,B. un pédologue,C. un pédiatre,,,,,,,"18. a. Le pédologue est un spécialiste de l’étude des sols et le pédiatre, un médecin pour enfants.",
35. Dans quel mot in- n’est-il pas le préfixe qui indique le contraire?,A. incompatible,B. inconscient,C. inflammable,D. intolérant,,,,,,35. c. Le préfixe in- exprime dans ce cas-ci le renforcement.,
39. Lequel de ces mots ne contient pas le préfixe négatif in-?,A. incliné,B. inhibé,C. inouï,,,,,,,"39. a. Le préfixe in- de incliner signifie «vers», incliner signifiant donc pencher vers.",
"4. Parmi ces adjectifs, lequel est synonyme de déliquescent?",A. décadent,B. malingre,C. délicat,D. descendant,,,,,,"4. a. Au sens propre, déliquescent signifie «qui a la possibilité de se",
"9. De ces deux termes, lequel est l’antonyme de partial?",A. objectif,B. subjectif,,,,,,,,"9. a. Celui qui est partial est celui qui prend parti, qui n’est donc pas objectif.",
10. Lequel de ces deux termes est synonyme de thuriféraire?,A. courageux,B. flatteur,,,,,,,,"10. b. Au sens propre, le thuriféraire est celui qui porte l’encens, qui encense…",
12. Lequel de ces deux adjectifs est antonyme de frugal?,A. copieux,B. léger,,,,,,,,12. a. Un repas frugal est un repas où la nourriture est peu abondante.,
15. Lequel de ces adjectifs est synonyme de primesautier?,A. nouveau,B. printanier,C. spontané,,,,,,,"15. c. Le primesaut, terme vieilli ou littéraire, c’est étymologiquement le premier saut, le premier bond.",
16. L’expression de derrière les fagots est synonyme de:,A. médiocre,B. excellent,,,,,,,,"16. b. À l’origine, l’expression de derrière les fagots s’appliquait au vin,",
"18. Parmi les noms suivants, lequel n’est pas un synonyme de nourriture?",A. manne,B. pitance,C. chère,D. placentation,,,,,,"18. d. La placentation est la formation du placenta. 19. a. poursuivre, suivre ses études b. imposer, dicter sa loi c. préparer, cuisiner un gâteau",
19. Par quels synonymes de faire pourrait-on remplacer le verbe dans chacune de ces expressions?,A. faire ses études: __________,B. faire sa loi: __________,C. faire un gâteau: __________,,,,,,,"18. d. La placentation est la formation du placenta. 19. a. poursuivre, suivre ses études b. imposer, dicter sa loi c. préparer, cuisiner un gâteau",
24. Lequel de ces adjectifs est antonyme de hyalin?,A. opaque,B. transparent,,,,,,,,24. a. Ce qui est hyalin a la transparence du verre.,
44. Quel est le synonyme du radical drom- tiré du grec?,A. courir,B. lutter,C. tourner,,,,,,,44. a. Ce radical sert à former des mots qui évoquent l’idée de course:,
"45. Parmi ces adjectifs, lequel est synonyme de cacochyme?",A. maladif,B. parallèle,C. vaporeux,,,,,,,"45. a. Cacochyme signifie «en mauvaise santé, de faible constitution».",
47. Quel est l’antonyme de vernaculaire?,A. crépusculaire,B. pénitentiaire,C. véhiculaire,,,,,,,"47. c. Les langues vernaculaires, celles qui sont parlées seulement à l’intérieur d’une communauté linguistique, s’opposent aux langues véhiculaires, qui sont parlées par des communautés linguistiques différentes habitant une même région.",
51. Succube est synonyme de:,A. chasseresse,B. diablesse,C. prêtresse,,,,,,,"51. b. Le succube (ou la succube, plus rare) est un démon qui prend l’apparence d’une femme pour séduire les hommes pendant leur sommeil.",
"55. Parmi ces noms, lequel est synonyme de longanimité?",A. générosité,B. patience,C. persévérance,,,,,,,55. b. La longanimité est la patience à supporter ce qui peut être considéré,
57. Comment appelle-t-on la figure de style consistant à associer deux termes dont les sens s’opposent?,A. anaphore,B. chiasme,C. oxymore,,,,,,,"57. c. Clair-obscur, rêve éveillé, hâte-toi lentement sont des oxymores souvent cités.",
60. Lequel de ces adjectifs est synonyme de accort?,A. aimable,B. harmonieux,C. semblable,,,,,,,"60. a. Une personne accorte est une personne aimable, affable.",
63. Trouvez le synonyme commun à ces noms et chassez l’intrus.,A. algarade,B. rififi,C. accalmie,D. rixe,,,,,,"63. c. Accalmie est synonyme de calme passager, alors que les trois autres sont synonymes de querelle, bagarre.",
"66. Parmi ces verbes, lequel est antonyme de vilipender?",A. louer,B. offrir,C. difier,,,,,,,"66. A. Vilipender quelque chose ou quelqu’un, c’est le dénigrer. Le verbe a donc pour antonyme louer, mais aussi encenser, glorifier…",
75. Quel synonyme peut-on donner à aquilin dans l’expression «nez aquilin»?,A. camus,B. droit,D. busqué,,,,,,,75. d. Un nez aquilin est un nez en forme de bec d’aigle. 76. a. 1,
77. De quel verbe bégueter est-il synonyme?,A. chevroter,B. bégayer,C. caqueter,,,,,,,"77. a. On dit de la chèvre qu’elle béguète, chevrote ou bêle.",
78. De quel mot pusillanime est-il synonyme?,A. indigent,B. généreux,C. audacieux,D. craintif,,,,,,78. d.,
5. Lequel de ces noms n’a jamais existé en latin même s’il en est dérivé?,A. album,B. aluminium,C. aquarium,D. auditorium,,,,,,"5. b. Lorsqu’il découvrit ce métal au début du XIXe siècle, le",
9. Cherchez la langue d’origine de ces noms et vous trouverez l’intrus.,A. couffin,B. sirop,C. goujat,D. gourbi,,,,,,"9. c. Couffin, sirop et gourbi ont une origine arabe alors que goujat vient de l’hébreu goya, «servante non juive», par l’intermédiaire de l’ancien provençal gojat, qui signifiait «garçon».",
12. Les premières attestations du nom thérapeute datent:,A. du XVIIIe siècle,B. du XIXe siècle,C. du XXe siècle,,,,,,,"12. a. Thérapeute est attesté dès 1704 dans le dictionnaire de Trévoux, mais dans un sens différent de celui que nous lui connaissons",
15. Quel instrument de musique tire son nom de son inventeur?,A. Le basson,B. Le clavecin,C. Le saxophone,,,,,,,"15. c. En 1846, le Belge Adolphe Sax déposa le brevet de ce nouvel instrument de musique.",
"16. Parmi ces noms, lequel vient d’un patronyme?",A. barème,C. système,,,,,,,,16. a. François Barrême (1638–1703) était un mathématicien qui a donné,
"19. Parmi ces noms de fruits, lequel porte un nom qui ne vient pas du latin?",A. litchi,B. citron,C. pomme,D. prune,,,,,,19. a. Litchi est un emprunt au chinois mandarin lì zhī.,
"22. Parmi ces noms, lequel n’appartient pas à la même famille étymologique que chien?",A. chenille,B. chenet,C. chiot,,,,,,,"22. c. Chenille vient d’un diminutif du latin canis (canicula, «petite",
24. Le nom arène vient du latin arena. Que signifiait-il chez les Romains?,A. Le lieu du sable,B. Le lieu du sacre,C. Le lieu du sang,,,,,,,24. a. Sable se disait arena en latin. C’est par métonymie que le nom a désigné l’espace recouvert de sable.,
"27. D’un point de vue étymologique, de quel mot amygdale se rapproche-t-il?",A. mygale,B. amande,C. amide,,,,,,,"27. b. Amande vient du latin populaire amandula, déformation du latin classique amygdala, qui signifie «amande»: les amygdales sont en forme d’amande.",
31. Météore vient d’un mot grec qui signifie:,A. qui s’échappe du ciel,B. qui s’élève dans les airs,C. qui tombe sur la terre,,,,,,,"31. b. En grec ancien, l’adjectif meteôros signifie «qui est en haut» ou «qui s’élève dans les airs».",
35. Le nom hasard vient de l’arabe az-zahr. Que signifie ce nom dans cette langue?,A. La fortune,B. La chance,C. Le dé,D. La réussite,,,,,,35. c. Hasard a été emprunté au Moyen Âge à l’arabe par l’intermédiaire de l’espagnol pour désigner un jeu de dés.,
"40. Parmi ces mots, lequel ne vient pas d’un nom propre de lieu?",A. bauxite,B. parvis,C. tarentule,,,,,,,40. b. Parvis vient du latin paradisus (qui a aussi donné paradis). Le,
"44. Parmi ces noms, lequel n’est pas un emprunt à l’italien?",A. balustrade,B. cascade,C. cavalcade,D. parade,,,,,,"44. d. De nombreux noms en -ade ont été empruntés à l’italien, mais pas tous: parade est un dérivé du verbe parer.",
"50. Parmi ces mots, lequel n’est pas issu du gaulois?",A. bonde,B. bretelle,C. chêne,D. ruche,,,,,,"50. b. Bretelle vient de l’ancien haut allemand britill, qui signifiait «rêne».",
"55. Parmi ces noms de fleurs, lequel n’est pas formé à partir d’un nom propre?",A. dahlia,B. forsythia,C. fuchsia,D. pétunia,,,,,,"55. d. Pétunia est formé sur l’ancien nom commun pétun, qui signifiait",
59. Zen est un mot emprunté:,A. au chinois,B. au japonais,,,,,,,,"59. b. Zen est un mot japonais, lui-même emprunté au chinois chan, qui signifie «quiétude».",
"63. D’après son étymologie, le tentacule de la pieuvre est un organe qui lui sert à:",A. marcher,B. palper,C. piquer,D. s’attacher,,,,,,"63. b. Le nom tentacule vient du latin tentare, qui signifie «palper, tâter».",
65. Laquelle de ces confiseries doit son nom à un nom propre?,A. macaron,B. nougat,C. praline,,,,,,,"65. c. La praline, amande enrobée de sucre coloré cuit, aurait été inventée",
69. Les premières attestations du nom biberon datent:,A. du XIVe siècle,B. du XVIIe siècle,C. du XIXe siècle,,,,,,,69. a. Le nom biberon est attesté dans un texte du début du XIVe siècle. Il,
72. La guillotine doit son nom à Joseph Ignace Guillotin. Quel était le métier de ce dernier?,A. bourreau,B. juge,C. médecin,,,,,,,72. c. Joseph Ignace Guillotin (1738–1814) était médecin. Il demanda à ce que la décapitation soit le seul mode d’exécution de la peine capitale afin que les condamnés souffrent le moins possible.,
"75. Parmi ces noms, lequel ne vient pas d’un nom de marque déposée?",A. aspirine,B. brumisateur,C. pastis,D. rustine,,,,,,75. c. Pastis n’est pas le nom d’une marque déposée (contrairement à,
"77. Les premières attestations du nom sauna, emprunté au finnois, datent:",A. du XVIIe siècle,B. du XIXe siècle,C. du XXe siècle,,,,,,,77. c. Les premières attestations de sauna datent de la première moitié du,
"80. Mécène, à qui l’on doit le nom mécène, était:","A. le père des neuf muses, à qui il donna tout ce dont elles avaient besoin pour développer chacune son art",B. un demi-dieu qui voua sa vie aux arts,C. un riche Romain qui consacra sa fortune au développement des arts,,,,,,,80. c. Mécène (70 av. J.-C. – 8 av. J.-C.) était un ministre de l’empereur,
82. Lequel de ces noms de couleur ne vient pas du latin?,A. bleu,B. jaune,C. rouge,D. vert,,,,,,"82. a. Bleu vient du francique blao, alors que jaune vient de galbinus, rouge de rubeus et vert de viridis.",
84. À quelle langue le nom hamster est-il un emprunt?,A. l’allemand,B. l’anglais,C. le néerlandais,,,,,,,"84. a. C’est le naturaliste français Georges Louis Leclerc, comte de",
"85. En 1920, le Tchèque Karel Čapek a utilisé le mot robota pour désigner les","ouvriers artificiels dans sa pièce de théâtre de science-fiction R.U.R., et de",,,,,,,,,85. Travail forcé.,
"86. Parmi ces noms de fromage, lequel ne doit pas son nom au nom du village dont il est la spécialité?",A. banon,B. morbier,C. reblochon,D. roquefort,,,,,,"86. c. Il n’y a ni ville ni village portant le nom de Reblochon. Reblochon est un mot savoyard dérivé du verbe reblocher qui signifie «traire (blocher) une deuxième fois (re-)», ce fromage étant à l’origine",
88. À quel moment le français a-t-il emprunté le nom latin prospectus?,A. au XVIIIe siècle,B. au XIXe siècle,C. au XXe siècle,,,,,,,88. a. Le nom prospectus a été emprunté au début du XVIIIe siècle pour,
90. À combien évalue-t-on environ le nombre de mots d’origine gauloise qui existent dans le français actuel?,A. une trentaine,B. environ 150,C. un peu plus de 1000,,,,,,,"90. b. Le français compte environ 150 mots d’origine gauloise. La plupart sont des mots très courants: caillou, boue, brin, mouton...",
94. Quel était le sens premier du nom calepin?,A. agenda,B. dictionnaire,C. livre d’images,,,,,,,"94. a. Au XVIe siècle, calepin était synonyme de dictionnaire. Ce mot",
"100. Parmi ces noms, un seul n’est pas issu d’un nom de personne. Lequel?",A. olibrius,B. silhouette,C. avanie,D. diesel,,,,,,"100. c. Avanie n’est pas le nom d’une personne; ce nom vient de l’italien avania, «humiliation».",
"101. D’un point de vue étymologique, de quel mot se rapproche l’expression à gogo?",A. gober,B. goguette,C. gomme,D. gore,,,,,,101. b. Gogo est le redoublement du radical de l’ancien nom gogue qui,
102. Lequel de ces mots ne vient pas du latin albus signifiant «blanc»?,A. albâtre,B. albinos,C. album,D. aube,,,,,,"102. a. L’albâtre, même s’il peut être blanc, tire son nom du grec alabastros.",
103. D’où vient l’expression battre en brèche?,A. du sport,B. de l’art militaire,C. de la ferronnerie,D. de la médecine,,,,,,"103. b. Battre en brèche, au sens propre, c’est faire une ouverture dans une enceinte fortifiée. 104. a. 3",
"110. Parmi les mots suivants, lequel n’a jamais existé en latin?",A. visa,B. agenda,C. crocus,D. motus,,,,,,110. d. Motus est une latinisation plaisante du nom mot.,
"114. Ces mots ont été empruntés à l’arabe par l’intermédiaire de l’italien, sauf",A. aubergine,B. jupe,C. coton,D. tarif,,,,,,"114. a. Aubergine vient aussi de l’arabe, mais par l’intermédiaire du catalan.",
"115. Ces noms communs sont issus de noms de marque, sauf un. Lequel?",A. yoyo,B. pédalo,C. klaxon,D. voiturette,,,,,, 115. d. voiturette,
"116. Ces mots ont été empruntés à l’espagnol, sauf un. Lequel?",A. calebasse,B. canari,C. cannibale,D. capitaine,,,,,,"116. d. Capitaine vient du latin capitaneus, lui-même tiré de caput qui signifie «tête».",
"118. Ces mots viennent de l’arabe, sauf un. Lequel?",A. alcool,B. cafard,C. herbe,D. goudron,,,,,,118. c. Herbe vient du latin herba.,
2. Trouver le genre de ces noms désignant des aromates et chassez l’intrus.,A. coriandre,B. genièvre,C. girofle,,,,,,,2. a. Genièvre et girofle sont des noms masculins alors que coriandre est un nom féminin.,
5. Qu’appelle-t-on un chinois en cuisine?,A. une poêle à fond très épais,B. un couteau à large lame,C. une passoire,,,,,,,"5. c. Un chinois est une passoire conique à très petits trous, dont la forme rappelle le chapeau chinois, d’où son nom.",
"7. Ces fromages tirent leur nom de la localité dont ils sont la spécialité, sauf un. Lequel?
",A. cheddar,B. camembert,D. faisselle,,,,,,,7. d. La faisselle,
11. Le graves est un vin qui doit son nom:,"A. à la profondeur de sa robe, qui lui donne un aspect grave","B.  à la ville de Graves, dont il est la spécialité",C. au sol de graviers sur lequel poussent les vignes dont il est issu,,,,,,,11. c. Les graves sont des terrains formés de galets roulés (graviers sans,
14. Trouvez le genre de ces cépages et chassez l’intrus.,A. grenache,B. syrah,C. gamay,,,,,,,"14. b. Grenache et gamay sont des noms masculins, alors que syrah est un nom féminin.",
"16. Parmi ces noms désignant une préparation culinaire, lequel n’est pas issu d’un nom propre?",A. béchamel,B. risotto,C. sandwich,D. tatin,,,,,,16. b. Risotto est un mot italien formé sur le mot riz (riso en italien).,
"19. Parmi ces verbes, lequel est employé dans le sens de «faire revenir à la poêle pour colorer»?",A. blondir,B. brunir,C. roussir,,,,,,,"19. a. Faire blondir des oignons, des échalotes, etc., consiste à les faire revenir à la poêle dans de la matière grasse jusqu’à ce qu’ils prennent",
22. Le nom carpaccio vient d’un nom propre. Ce nom propre est celui:,A. d’un lieu,B. d’une personne,,,,,,,,22. b. Vittore Carpaccio est un peintre vénitien de la fin du XVe siècle. Le rouge sombre des lamelles de bœuf cru rappelle les couleurs fétiches du peintre.,
25. Quel nom donne-t-on au jeune apprenti cuisinier?,A. mitron,B. mirliton,C. marmiton,,,,,,,25. c. Marmiton est le nom plaisant donné aux apprentis cuisiniers. Le,
"28. Qui était Félix Kir, qui donna son nom à l’apéritif à base de vin blanc et de liqueur de cassis?",A. Un avocat,B. Un homme d’Église,C. Un médecin,D. Un pharmacien,,,,,,28. b. Le chanoine Félix Kir fut maire de la ville française de Dijon de,
33. Trouvez le point commun de ces noms et chassez l’intrus.,A. bortsch,B. chaudrée,C. cassoulet,D. won ton,,,,,,"33. c. Le bortsch, la chaudrée et la won ton sont des soupes, alors que le cassoulet est un ragoût de viande d’oie, de canard, de mouton ou de porc avec des haricots blancs.",
37. Retrouvez l’origine de ces noms de mets et chassez l’intrus.,A. minestrone,B. osso buco,C. tortilla,,,,,,,"37. c. Tortilla (omelette épaisse aux pommes de terre ou crêpe de farine de maïs) est un nom emprunté à l’espagnol, alors que osso buco (jarret de veau cuit à l’étouffée et accompagné de riz) et minestrone (soupe de légumes avec du riz ou des pâtes) sont des noms empruntés à l’italien.",
39. Quelle est l’orthographe correcte du nom de cette plante potagère?,A. artichaud,B. artichaut,C. artichaux,,,,,,,39. b. Artichaut est sans rapport avec l’adjectif chaud ou le nom chaux.,
40. Les pêches Melba doivent leur nom:,A. au nom de la ville où fut créé ce dessert,B. au nom du pâtissier qui a créé ce dessert,C. au nom de la cantatrice pour qui fut créé ce dessert,,,,,,,"40. c. C’est Auguste Escoffier qui, à la fin du XIXe siècle, créa le dessert alliant une pêche, de la crème glacée et de la crème fouettée, qu’il",
43. Que fait-on lorsqu’on élève un vin?,A. On procède à l’assemblage de plusieurs vins de même origine pour l’élaboration d’une cuvée.,B. On le laisse séjourner en fût ou en cuve.,C. On le met en bouteilles.,,,,,,,43. b. L’élevage est la période pendant laquelle le vin séjourne en cuve ou en fût avant sa mise en bouteilles.,
45. Qu’appelle-t-on un cul-de-poule en cuisine?,A. une cuillère à sauce,B. un pot à épices,C. un saladier à fond arrondi,,,,,,,45. c. Le fond arrondi du saladier évoque l’arrière-train de la poule. Ce saladier est particulièrement utilisé pour monter des blancs en neige ou mélanger toute autre préparation.,
52. Que fait-on lorsqu’on triture un ingrédient en cuisine?,A. On le mélange.,B. On le pétrit.,C. On le pile.,,,,,,,"52. c. Triturer, en cuisine, est synonyme de piler. La trituration se fait au moyen d’un mortier et d’un pilon.",
53. Ces noms d’ingrédients nous viennent de l’arabe par l’intermédiaire de,A. abricot,B. café,C. orange,D. sucre,,,,,,"53. a. Abricot est un emprunt à l’espagnol albaricoque ou au portugais albricoque, eux-mêmes empruntés à l’arabe al-barqūq.",
56. Le terme gastronomie a été popularisé par:,A. Anthelme Brillat-Savarin,B. Auguste Escoffier,C. Antonin Carême,,,,,,,"56. a. Le succès de l’ouvrage de Brillat-Savarin, La Physiologie du goût, ou méditations de gastronomie transcendante, publié en 1825, contribua à rendre courants les termes gastronomie, gastronome et gastronomique.",
"59. Parmi ces verbes, lequel est employé pour dire «faire épaissir en laissant évaporer»?",A. abaisser,B. compacter,C. réduire,,,,,,,59. c. Réduire une sauce permet de concentrer ses arômes et ses saveurs.,
61. Quel verbe utilise-t-on en cuisine dans le sens de «plonger dans l’eau bouillante jusqu’à la reprise de l’ébullition»?,A. blanchir,B. blondir,C. brunir,,,,,,,61. a.  Blanchir,
63. Quelle est l’orthographe correcte du nom désignant un fond obtenu par réduction d’un bouillon?,A. fumé,B. fumée,C. fumais,D. fumet,,,,,,63. d. Le fumet de poisson est obtenu en faisant cuire des arêtes dans de,
70. Lesquels de ces noms sont mal orthographiés?,A. bettrave,B. broccoli,C. carote,,,,,,,"70. Ils sont tous mal orthographiés. Il faut écrire betterave, brocoli, carotte, échalote.",
1. L’expression manu militari vient:,A. de l’anglais,B. de l’espagnol,C. de l’italien,D. du latin,,,,,,1. d. L’expression latine signifie littéralement: «par la main militaire».,
4. Quel auteur est à l’origine de l’expression les moutons de Panurge?,A. Molière,B. François Rabelais,C. Voltaire,,,,,,,4. b. Panurge est un personnage de François Rabelais (v. 1483–1553) qui,
"7. Parmi les expressions suivantes, lesquelles font allusion à un personnage de la mythologie?",A. être dans les bras de Morphée,B. être comme l’âne de Buridan,"C. boîte de Pandore
",D. violon d’Ingres ,,,,,,7. a. être dans les bras de Morphée  et c. boîte de Pandore,
10. Quel mot peut compléter l’expression prendre le … aux dents?,A. mord,B. mors,C. mort,,,,,,,"10. b. Au sens propre, l’expression prendre le mors aux dents s’emploie à propos d’un cheval sur lequel le mors n’a plus d’effet: s’il s’emballe,",
"14. Parmi ces expressions, lesquelles contiennent un nom propre de lieu?",A. au diable Vauvert,B. le tonneau des Danaïdes,C. à Saint-Glin-glin-des-Meumeu,D. un coup de Jarnac,,,,,,14. a. au diable Vauvert et c. à Saint-Glin-glin-des-Meumeu,
"19. Qui était Dracon, dont on retrouve le nom dans l’expression loi draconienne?",A. un dieu de la mythologie,B. un législateur,C. un tyran,D. aucune réponse n’est valable: draconien ne renvoie pas à un personnage,,,,,,19. b. Dracon était un législateur athénien qui vécut au VIIe siècle av. J.-,
"21. Parmi ces expressions, laquelle n’est pas synonyme des trois autres?",A. passer de vie à trépas,B. passer l’arme à gauche,C. sortir les pieds devant,D. prendre ses jambes à son cou,,,,,,"21. d. Les trois autres expressions signifient «mourir», mais prendre ses jambes à son cou signifie «s’enfuir».",
24. De quel domaine est tirée l’expression être dans le trente-sixième dessous?,A. de l’architecture,B. de la couture,C. du sport,D. du théâtre,,,,,,"24. d. Au théâtre, les dessous sont les trois espaces situés sous la scène destinés à la manœuvre et au rangement des accessoires et des",
28. Quelle est la bonne graphie du nom qui complète l’expression tomber de,A. Charibde,B. Charide,C. Charybde,D. Charyde,,,,,,28. c. L’expression tomber de Charybde en Scylla signifie «éviter un,
34. Que signifie l’expression boire le calice/la coupe jusqu’à la lie?,A. endurer des souffrances jusqu’au bout,B. s’enivrer,C. profiter pleinement des plaisirs de la vie,,,,,,,34. a. L’expression est une allusion à la prière de Jésus Christ au mont des,
36. De quelle ville parle-t-on lorsqu’on parle de la ville aux cent clochers?,A. Poitiers,B. Montréal,C. Rouen,D. Toutes ces réponses,,,,,,36. d. La ville aux cent clochers est une expression employée également,
"40. Lorsqu’on s’enfuit à toutes jambes, on prend la poudre:",A. d’escampette,B. de riz,C. de perlimpinpin,,,,,,,"40. a. Le nom escampette, qu’on ne trouve plus aujourd’hui que dans cette expression, est un dérivé de l’ancien verbe escamper, qui signifiait «s’enfuir».",
48. À quel auteur doit-on l’expression proverbiale: l’enfer est pavé de bonnes intentions?,A. Saint François de Sales,B. Rabelais,C. Jean-Paul Sartre,D. aucune de ces réponses: on ne connaît pas l’auteur de cette citation,,,,,,48. d. L’expression était déjà utilisée chez les Romains. Saint François de,
"50. Quel mot peut compléter l’expression «… et sauf», synonyme de indemne?",A. sain,B. saint,C. sein,D. seing,,,,,,50. a. On peut s’assurer qu’on a bien affaire à l’adjectif sain en mettant l’expression au féminin: saine et sauve.,
52. Avec quel mot doit-on compléter l’expression «… dit en passant»?,A. soi,B. sois,C. soit,D. soie,,,,,,52. c. C’est le verbe être à la 3e personne du singulier du présent du,
53. Si cela passe comme une lettre à la poste:,A. cela disparaît,B. cela passe facilement,C. cela ne passe pas,,,,,,,"53. b. C’est une métaphore de l’enveloppe qui, parce qu’elle est fine, se glisse facilement dans une boîte aux lettres.",
60. Comment doit-on écrire l’expression suivante?,A. aller à vau-l’eau,B. aller à vaux-l’eau,C. aller à veau-l’eau,D. aller à Volos,,,,,,"60. a. Dans cette expression qui signifie «se déliter, péricliter», vau est",
4. Comment écrit-on le premier mot du proverbe … beau mentir qui vient de loin?,A. A,B. À,,,,,,,,4. a. A, Il s’agit du verbe avoir; le proverbe signifie qu’il est facile de mentir quand ce qu’on dit ne peut pas être vérifié.
"6. Le proverbe À vaincre sans péril, on triomphe sans gloire est une citation de:",A. Corneille,B. Hugo,C. Racine,,,,,,,"6. a. Il s’agit d’une réplique du Comte s’adressant à Don Rodrigue,",
8. Quelle est la nature grammaticale de bien dans le proverbe Bien mal acquis ne profite jamais?,A. adjectif,B. adverbe,C. nom,,,,,,,8. c. Bien est ici un nom masculin et a le sens de «un bien qui a été acquis de façon malhonnête n’est jamais vraiment avantageux».,
"11. D’après le proverbe, à qui la chance sourit-elle?",A. aux audacieux,B. aux courageux,C. aux fortunés,,,,,,,11. a. Seuls ceux qui ont l’audace d’entreprendre quelque chose de risqué peuvent espérer réussir.,
20. Quel proverbe incite à ne pas tomber dans la procrastination?,A. C’est en forgeant qu’on devient forgeron.,B. Chat échaudé craint l’eau froide.,C. Il ne faut pas remettre au lendemain ce qu’on peut faire le jour même.,,,,,,,20. c. Il ne faut pas remettre au lendemain ce qu’on peut faire le jour même.,
21. Compléter le proverbe suivant par le mot qui convient: Les cimetières sont remplis de gens…,A. qui étaient bien portants,B. qui n’ont plus besoin d’argent,C. qui se croyaient indispensables,,,,,,,21. c. qui se croyaient indispensables,
25. Comment écrit-on le deuxième mot du proverbe Un … vaut mieux que deux tu l’auras?,A. tien,B. tiens,C. tient,,,,,,,25. b. Il s’agit du verbe tenir à la 2e personne du singulier du présent de l’indicatif.,
"32. D’après le proverbe, qu’est-ce qui constitue la politesse des rois?",A. l’exactitude,B. la galanterie,C. le beau langage,,,,,,,32. a. On dit que «L’exactitude est la politesse des rois» était la phrase,
"34. Que signifie le proverbe Quand le vin est tiré, il faut le boire?","A. Quand on s’est engagé dans une affaire, on ne peut plus reculer.",B. Il faut savoir assumer les conséquences de ses actes.,,,,,,,,"34. a. Quand le vin a été tiré du tonneau, il n’est plus possible de le remettre dans le tonneau: il faut donc aller au bout de ce qu’on a entrepris.",
"36. D’après le proverbe, quelle est la mère de tous les vices?",A. la gourmandise,B. la jalousie,C. l’oisiveté,,,,,,,"36. c. L’oisiveté est la mère de tous les vices rappelle que lorsqu’on est inactif, on est sujet à des tentations, à commettre des actes répréhensibles.",
"38. Quelle fable de La Fontaine est à l’origine de la maxime En toute chose, il faut considérer la fin?",A. La Grenouille qui se veut faire aussi grosse que le bœuf,B. Le Loup et la Cigogne,C. Le Renard et le Bouc,,,,,,,"38. c. Le bouc a accepté, sans réfléchir, d’aider le renard à sortir le premier du puits dans lequel ils étaient descendus boire et n’a pas pensé que lui resterait seul au fond du puits.",
"39. D’après sa construction, quel est le sens du proverbe Tout est bien qui finit bien?",A. Tout ce qui est bien finit bien.,B. Tout ce qui finit bien est bien.,,,,,,,,39. b. La proposition relative «qui finit bien» se rattache au pronom tout,
47. L’humoriste français Coluche a déformé le proverbe L’argent ne fait,"A. L’argent ne fait pas le bonheur, mais il y contribue.",B. L’argent ne fait pas le bonheur des pauvres.,,,,,,,,"47. b. À «L’argent ne fait pas le bonheur des pauvres», Coluche ajoutait:",
"48. Dans le proverbe Advienne que pourra, le verbe advenir est au",A. impératif,B. indicatif,C. subjonctif,,,,,,,"48. c. Le verbe advenir est au présent du subjonctif, mode qu’on utilise à la 3e personne, dans ce cas-ci en lieu et place de l’impératif, qui n’existe qu’à la 2e personne du singulier et du pluriel et à la 1re personne du pluriel.",
49. Que signifie le dicton Petite pluie abat grand vent?,A. Un petit événement peut provoquer de grands désastres.,B. Un petit rien peut venir à bout d’une grande colère.,,,,,,,,"49. b. Il ne faut pas se laisser impressionner par un emportement excessif, car souvent, il suffit de peu pour calmer le jeu.",
"50. Parmi ces termes, lesquels désignent des sortes de proverbes?",A. aphérèse,B. aphorisme,C. apocope,D. apophtegme,,,,,,"50. b. et d. L’aphorisme est une phrase résumant une théorie à valeur générale, l’apophtegme est une citation d’un auteur ayant une valeur",
"63. À quel auteur latin Francis Bacon, Thomas Hobbes, Sigmund Freud,",A. Cicéron,B. Plaute,C. Virgile,,,,,,,"63. b. Cette citation figure dans la comédie de Plaute (254–184 av. J.-C.),",
66. À quelle activité le proverbe Il ne faut jamais jeter le manche après la cognée fait-il allusion?,A. celle du boxeur,B. celle du bûcheron,C. celle du cuisinier,,,,,,,"66. b. Ce proverbe fait allusion à une vieille histoire selon laquelle un bûcheron, après avoir perdu la partie tranchante de sa hache, jeta",
"68. Avec quel mot doit-on compléter le proverbe Chose promise, chose…?",A. du,B. dû,C. due,D. dûe,,,,,,"68. c. Le proverbe doit être complété avec le participe passé du verbe devoir au féminin singulier, qui s’écrit due, sans accent circonflexe.",
